{
  "mnmn": "flxW",
  "vid": "ST_7841b7b8-ce7f-431b-b9d0-223b01bafabb",
  "version": "0.0.1",
  "type": "profile",
  "dashboard": {
    "states": [
      {
        "component": "main",
        "capability": "notification",
        "version": 1,
        "idx": 0,
        "group": "main",
        "values": [],
        "composite": false
      }
    ],
    "actions": [
      {
        "component": "main",
        "capability": "refresh",
        "version": 1,
        "idx": 0,
        "group": "main"
      }
    ],
    "basicPlus": []
  },
  "detailView": [
    {
      "component": "main",
      "capability": "notification",
      "version": 1,
      "values": [],
      "patch": []
    },
    {
      "component": "main",
      "capability": "refresh",
      "version": 1,
      "values": [],
      "patch": []
    }
  ],
  "automation": {
    "conditions": [],
    "actions": [
      {
        "component": "main",
        "capability": "notification",
        "version": 1,
        "values": [],
        "patch": [],
        "exclusion": []
      },
      {
        "component": "main",
        "capability": "refresh",
        "version": 1,
        "values": [],
        "patch": [],
        "exclusion": []
      }
    ]
  },
  "migration": true
}